ID,Année,Pays,GDP (en TND),Population,Le Produit Intérieur brut (%),Taux de fécondité,Taux de mortalité infantille (pour 1 000 naissances vivantes),Taux de mortalité maternelle (pour 1 00000 naissances vivantes),Production agricole (en USD),Personnel militaire actif,Personnel militaire de réserve,Taux dalphabetisation(%),La production informatique (en USD),Le nombre de chars dassut,Le nombre de sous marines,Le nombre de véhicules,Personnel militaire,PIB Catégorie ,Unités de logement,Personnes rendues sans abri,Mineurs rendus sans abri,Zone,Type de structure,Portée de la démolition,District,Raison de la démolition,Démolition effectuée par
1,2004-01-01,Palestine,1.26 billion,"3,791,000",10.5,4.95,21.6,29.4,876.0,0,0,92.1,0.154 billion,0,0.0,0,0 - 0,High PIB,53,194,110,East Jerusalem,Residential Structure,,East Jerusalem,Demolition on the pretext of unlawful construction,Authorities
2,2004-01-01,Palestine,1.26 billion,"3,791,000",10.5,4.95,21.6,29.4,876.0,0,0,92.1,0.154 billion,0,0.0,0,0 - 0,High PIB,27,138,0,Gaza Strip,Residential Structure,Complete Demolition,Deir al-Balah,Demolition for alleged military purposes,
3,2004-01-01,Palestine,1.26 billion,"3,791,000",10.5,4.95,21.6,29.4,876.0,0,0,92.1,0.154 billion,0,0.0,0,0 - 0,High PIB,64,123,0,Gaza Strip,Residential Structure,Complete Demolition,Gaza,Demolition for alleged military purposes,
4,2004-01-01,Palestine,1.26 billion,"3,791,000",10.5,4.95,21.6,29.4,876.0,0,0,92.1,0.154 billion,0,0.0,0,0 - 0,High PIB,408,"3,023",0,Gaza Strip,Residential Structure,Complete Demolition,Khan Yunis,Demolition for alleged military purposes,
5,2004-01-01,Palestine,1.26 billion,"3,791,000",10.5,4.95,21.6,29.4,876.0,0,0,92.1,0.154 billion,0,0.0,0,0 - 0,High PIB,123,975,0,Gaza Strip,Residential Structure,Complete Demolition,North Gaza,Demolition for alleged military purposes,
6,2004-01-01,Palestine,1.26 billion,"3,791,000",10.5,4.95,21.6,29.4,876.0,0,0,92.1,0.154 billion,0,0.0,0,0 - 0,High PIB,756,"6,325",0,Gaza Strip,Residential Structure,Complete Demolition,Rafah,Demolition for alleged military purposes,
7,2004-01-01,Palestine,1.26 billion,"3,791,000",10.5,4.95,21.6,29.4,876.0,0,0,92.1,0.154 billion,0,0.0,0,0 - 0,High PIB,4,15,0,The West Bank (Excluding East Jerusalem),Residential Structure,Complete Demolition,Bethlehem,Demolition for alleged military purposes,
8,2004-01-01,Palestine,1.26 billion,"3,791,000",10.5,4.95,21.6,29.4,876.0,0,0,92.1,0.154 billion,0,0.0,0,0 - 0,High PIB,9,44,0,The West Bank (Excluding East Jerusalem),Residential Structure,Complete Demolition,Herbon,Demolition for alleged military purposes,
9,2004-01-01,Palestine,1.26 billion,"3,791,000",10.5,4.95,21.6,29.4,876.0,0,0,92.1,0.154 billion,0,0.0,0,0 - 0,High PIB,3,19,0,The West Bank (Excluding East Jerusalem),Residential Structure,Complete Demolition,Jenin,Demolition for alleged military purposes,
10,2004-01-01,Palestine,1.26 billion,"3,791,000",10.5,4.95,21.6,29.4,876.0,0,0,92.1,0.154 billion,0,0.0,0,0 - 0,High PIB,9,36,0,The West Bank (Excluding East Jerusalem),Residential Structure,Complete Demolition,Jericho,Demolition for alleged military purposes,
11,2004-01-01,Palestine,1.26 billion,"3,791,000",10.5,4.95,21.6,29.4,876.0,0,0,92.1,0.154 billion,0,0.0,0,0 - 0,High PIB,1,6,0,The West Bank (Excluding East Jerusalem),Residential Structure,Complete Demolition,Nablus,Demolition for alleged military purposes,
12,2004-01-01,Palestine,1.26 billion,"3,791,000",10.5,4.95,21.6,29.4,876.0,0,0,92.1,0.154 billion,0,0.0,0,0 - 0,High PIB,50,214,0,The West Bank (Excluding East Jerusalem),Residential Structure,Complete Demolition,Bethlehem,Demolition of houses as punishment,
13,2004-01-01,Palestine,1.26 billion,"3,791,000",10.5,4.95,21.6,29.4,876.0,0,0,92.1,0.154 billion,0,0.0,0,0 - 0,High PIB,9,57,0,The West Bank (Excluding East Jerusalem),Residential Structure,Complete Demolition,Herbon,Demolition of houses as punishment,
14,2004-01-01,Palestine,1.26 billion,"3,791,000",10.5,4.95,21.6,29.4,876.0,0,0,92.1,0.154 billion,0,0.0,0,0 - 0,High PIB,24,105,0,The West Bank (Excluding East Jerusalem),Residential Structure,Complete Demolition,Jenin,Demolition of houses as punishment,
15,2004-01-01,Palestine,1.26 billion,"3,791,000",10.5,4.95,21.6,29.4,876.0,0,0,92.1,0.154 billion,0,0.0,0,0 - 0,High PIB,26,150,0,The West Bank (Excluding East Jerusalem),Residential Structure,Complete Demolition,Nablus,Demolition of houses as punishment,
16,2004-01-01,Palestine,1.26 billion,"3,791,000",10.5,4.95,21.6,29.4,876.0,0,0,92.1,0.154 billion,0,0.0,0,0 - 0,High PIB,3,27,0,The West Bank (Excluding East Jerusalem),Residential Structure,Complete Demolition,Qalqiliya,Demolition of houses as punishment,
17,2004-01-01,Palestine,1.26 billion,"3,791,000",10.5,4.95,21.6,29.4,876.0,0,0,92.1,0.154 billion,0,0.0,0,0 - 0,High PIB,21,96,0,The West Bank (Excluding East Jerusalem),Residential Structure,Complete Demolition,Ramallah and al-Bira,Demolition of houses as punishment,
18,2004-01-01,Palestine,1.26 billion,"3,791,000",10.5,4.95,21.6,29.4,876.0,0,0,92.1,0.154 billion,0,0.0,0,0 - 0,High PIB,8,27,0,The West Bank (Excluding East Jerusalem),Residential Structure,Complete Demolition,Salfit,Demolition of houses as punishment,
19,2004-01-01,Palestine,1.26 billion,"3,791,000",10.5,4.95,21.6,29.4,876.0,0,0,92.1,0.154 billion,0,0.0,0,0 - 0,High PIB,11,61,0,The West Bank (Excluding East Jerusalem),Residential Structure,Complete Demolition,Talkum,Demolition of houses as punishment,
20,2004-01-01,Palestine,1.26 billion,"3,791,000",10.5,4.95,21.6,29.4,876.0,0,0,92.1,0.154 billion,0,0.0,0,0 - 0,High PIB,4,24,0,Gaza Strip,Residential Structure,Complete Demolition,Deir al-Balah,Demolition of houses as punishment,
21,2004-01-01,Palestine,1.26 billion,"3,791,000",10.5,4.95,21.6,29.4,876.0,0,0,92.1,0.154 billion,0,0.0,0,0 - 0,High PIB,6,50,0,Gaza Strip,Residential Structure,Complete Demolition,Gaza,Demolition of houses as punishment,
22,2004-01-01,Palestine,1.26 billion,"3,791,000",10.5,4.95,21.6,29.4,876.0,0,0,92.1,0.154 billion,0,0.0,0,0 - 0,High PIB,2,10,0,Gaza Strip,Residential Structure,Complete Demolition,Khan Yunis,Demolition of houses as punishment,
23,2004-01-01,Palestine,1.26 billion,"3,791,000",10.5,4.95,21.6,29.4,876.0,0,0,92.1,0.154 billion,0,0.0,0,0 - 0,High PIB,4,20,0,Gaza Strip,Residential Structure,Complete Demolition,Noth Gaza,Demolition of houses as punishment,
24,2004-01-01,Palestine,1.26 billion,"3,791,000",10.5,4.95,21.6,29.4,876.0,0,0,92.1,0.154 billion,0,0.0,0,0 - 0,High PIB,8,66,0,Gaza Strip,Residential Structure,Complete Demolition,Rafah,Demolition of houses as punishment,
25,2005-01-01,Palestine,1.33 billion,"3,890,000",7.6,4.78,19.7,28.1,927.0,0,0,92.5,0.165 billion,0,0.0,0,0 - 0,High PIB,70,140,78,East Jerusalem,Residential Structure,,East Jerusalem,Demolition on the pretext of unlawful construction,Authorities
26,2005-01-01,Palestine,1.33 billion,"3,890,000",7.6,4.78,19.7,28.1,927.0,0,0,92.5,0.165 billion,0,0.0,0,0 - 0,High PIB,5,28,0,Gaza Strip,Residential Structure,Complete Demolition,Khan Yunis,Demolition for alleged military purposes,
27,2005-01-01,Palestine,1.33 billion,"3,890,000",7.6,4.78,19.7,28.1,927.0,0,0,92.5,0.165 billion,0,0.0,0,0 - 0,High PIB,1,4,0,The West Bank (Excluding East Jerusalem),Residential Structure,Complete Demolition,Jenin,Demolition for alleged military purposes,
28,2005-01-01,Palestine,1.33 billion,"3,890,000",7.6,4.78,19.7,28.1,927.0,0,0,92.5,0.165 billion,0,0.0,0,0 - 0,High PIB,4,12,0,The West Bank (Excluding East Jerusalem),Residential Structure,Complete Demolition,Nablus,Demolition for alleged military purposes,
29,2005-01-01,Palestine,1.33 billion,"3,890,000",7.6,4.78,19.7,28.1,927.0,0,0,92.5,0.165 billion,0,0.0,0,0 - 0,High PIB,2,7,0,The West Bank (Excluding East Jerusalem),Residential Structure,Complete Demolition,Ramallah and al-Bira,Demolition for alleged military purposes,
30,2005-01-01,Palestine,1.33 billion,"3,890,000",7.6,4.78,19.7,28.1,927.0,0,0,92.5,0.165 billion,0,0.0,0,0 - 0,High PIB,5,23,0,The West Bank (Excluding East Jerusalem),Residential Structure,Complete Demolition,Tulkarm,Demolition for alleged military purposes,
31,2005-01-01,Palestine,1.33 billion,"3,890,000",7.6,4.78,19.7,28.1,927.0,0,0,92.5,0.165 billion,0,0.0,0,0 - 0,High PIB,1,0,0,The West Bank (Excluding East Jerusalem),Residential Structure,Partial Demolition,Jenin,Demolition for alleged military purposes,
32,2005-01-01,Palestine,1.33 billion,"3,890,000",7.6,4.78,19.7,28.1,927.0,0,0,92.5,0.165 billion,0,0.0,0,0 - 0,High PIB,1,0,0,The West Bank (Excluding East Jerusalem),Residential Structure,Partial Demolition,Nablus,Demolition for alleged military purposes,
33,2006-01-01,Palestine,1.44 billion,"3,762,000",5.8,4.14,18.6,25.4,929.0,0,0,91.9,0.230 billion,0,0.0,0,0 - 0,High PIB,6,12,0,The West Bank (Excluding East Jerusalem),Residential Structure,,Al-Quds,Demolition on the pretext of unlawful construction,
34,2006-01-01,Palestine,1.44 billion,"3,762,000",5.8,4.14,18.6,25.4,929.0,0,0,91.9,0.230 billion,0,0.0,0,0 - 0,High PIB,14,102,37,The West Bank (Excluding East Jerusalem),Residential Structure,,Bethlehem,Demolition on the pretext of unlawful construction,
35,2006-01-01,Palestine,1.44 billion,"3,762,000",5.8,4.14,18.6,25.4,929.0,0,0,91.9,0.230 billion,0,0.0,0,0 - 0,High PIB,4,31,15,The West Bank (Excluding East Jerusalem),Residential Structure,,Hebron,Demolition on the pretext of unlawful construction,
36,2006-01-01,Palestine,1.44 billion,"3,762,000",5.8,4.14,18.6,25.4,929.0,0,0,91.9,0.230 billion,0,0.0,0,0 - 0,High PIB,5,35,17,The West Bank (Excluding East Jerusalem),Residential Structure,,Jenin,Demolition on the pretext of unlawful construction,
37,2006-01-01,Palestine,1.44 billion,"3,762,000",5.8,4.14,18.6,25.4,929.0,0,0,91.9,0.230 billion,0,0.0,0,0 - 0,High PIB,8,5,0,The West Bank (Excluding East Jerusalem),Residential Structure,,Qalqiliya,Demolition on the pretext of unlawful construction,
38,2006-01-01,Palestine,1.44 billion,"3,762,000",5.8,4.14,18.6,25.4,929.0,0,0,91.9,0.230 billion,0,0.0,0,0 - 0,High PIB,6,0,0,The West Bank (Excluding East Jerusalem),Residential Structure,,Ramallah and al-Bira,Demolition on the pretext of unlawful construction,
39,2006-01-01,Palestine,1.44 billion,"3,762,000",5.8,4.14,18.6,25.4,929.0,0,0,91.9,0.230 billion,0,0.0,0,0 - 0,High PIB,3,7,0,The West Bank (Excluding East Jerusalem),Residential Structure,,Salfit,Demolition on the pretext of unlawful construction,
40,2006-01-01,Palestine,1.44 billion,"3,762,000",5.8,4.14,18.6,25.4,929.0,0,0,91.9,0.230 billion,0,0.0,0,0 - 0,High PIB,3,33,9,The West Bank (Excluding East Jerusalem),Residential Structure,,Tubas,Demolition on the pretext of unlawful construction,
41,2006-01-01,Palestine,1.44 billion,"3,762,000",5.8,4.14,18.6,25.4,929.0,0,0,91.9,0.230 billion,0,0.0,0,0 - 0,High PIB,44,98,18,East Jerusalem,Residential Structure,,East Jerusalem,Demolition on the pretext of unlawful construction,Authorities
42,2006-01-01,Palestine,1.44 billion,"3,762,000",5.8,4.14,18.6,25.4,929.0,0,0,91.9,0.230 billion,0,0.0,0,0 - 0,High PIB,6,25,0,Gaza Strip,Residential Structure,Complete Demolition,Deir al-Balah,Demolition for alleged military purposes,
43,2006-01-01,Palestine,1.44 billion,"3,762,000",5.8,4.14,18.6,25.4,929.0,0,0,91.9,0.230 billion,0,0.0,0,0 - 0,High PIB,31,157,0,Gaza Strip,Residential Structure,Complete Demolition,Gaza,Demolition for alleged military purposes,
44,2006-01-01,Palestine,1.44 billion,"3,762,000",5.8,4.14,18.6,25.4,929.0,0,0,91.9,0.230 billion,0,0.0,0,0 - 0,High PIB,27,120,0,Gaza Strip,Residential Structure,Complete Demolition,Khan Yunis,Demolition for alleged military purposes,
45,2006-01-01,Palestine,1.44 billion,"3,762,000",5.8,4.14,18.6,25.4,929.0,0,0,91.9,0.230 billion,0,0.0,0,0 - 0,High PIB,94,585,0,Gaza Strip,Residential Structure,Complete Demolition,North Gaza,Demolition for alleged military purposes,
46,2006-01-01,Palestine,1.44 billion,"3,762,000",5.8,4.14,18.6,25.4,929.0,0,0,91.9,0.230 billion,0,0.0,0,0 - 0,High PIB,158,"1,118",0,Gaza Strip,Residential Structure,Complete Demolition,Rafah,Demolition for alleged military purposes,
47,2006-01-01,Palestine,1.44 billion,"3,762,000",5.8,4.14,18.6,25.4,929.0,0,0,91.9,0.230 billion,0,0.0,0,0 - 0,High PIB,2,0,0,The West Bank (Excluding East Jerusalem),Residential Structure,Complete Demolition,Jenin,Demolition for alleged military purposes,
48,2006-01-01,Palestine,1.44 billion,"3,762,000",5.8,4.14,18.6,25.4,929.0,0,0,91.9,0.230 billion,0,0.0,0,0 - 0,High PIB,27,116,0,The West Bank (Excluding East Jerusalem),Residential Structure,Complete Demolition,Nablus,Demolition for alleged military purposes,
49,2006-01-01,Palestine,1.44 billion,"3,762,000",5.8,4.14,18.6,25.4,929.0,0,0,91.9,0.230 billion,0,0.0,0,0 - 0,High PIB,5,15,0,The West Bank (Excluding East Jerusalem),Residential Structure,Complete Demolition,Qalqiliya,Demolition for alleged military purposes,
50,2006-01-01,Palestine,1.44 billion,"3,762,000",5.8,4.14,18.6,25.4,929.0,0,0,91.9,0.230 billion,0,0.0,0,0 - 0,High PIB,5,14,0,The West Bank (Excluding East Jerusalem),Residential Structure,Complete Demolition,Tulkarm,Demolition for alleged military purposes,
51,2007-01-01,Palestine,1.6 billion,"3,865,000",5.3,4.07,17.6,24.3,978.0,0,0,0.0,0,0,0.0,0,0 - 0,High PIB,3,22,3,The West Bank (Excluding East Jerusalem),Residential Structure,,Al-Quds,Demolition on the pretext of unlawful construction,
52,2007-01-01,Palestine,1.6 billion,"3,865,000",5.3,4.07,17.6,24.3,978.0,0,0,0.0,0,0,0.0,0,0 - 0,High PIB,3,7,5,The West Bank (Excluding East Jerusalem),Residential Structure,,Bethlehem,Demolition on the pretext of unlawful construction,
53,2007-01-01,Palestine,1.6 billion,"3,865,000",5.3,4.07,17.6,24.3,978.0,0,0,0.0,0,0,0.0,0,0 - 0,High PIB,18,134,60,The West Bank (Excluding East Jerusalem),Residential Structure,,Hebron,Demolition on the pretext of unlawful construction,
54,2007-01-01,Palestine,1.6 billion,"3,865,000",5.3,4.07,17.6,24.3,978.0,0,0,0.0,0,0,0.0,0,0 - 0,High PIB,2,11,7,The West Bank (Excluding East Jerusalem),Residential Structure,,Jenin,Demolition on the pretext of unlawful construction,
55,2007-01-01,Palestine,1.6 billion,"3,865,000",5.3,4.07,17.6,24.3,978.0,0,0,0.0,0,0,0.0,0,0 - 0,High PIB,10,82,44,The West Bank (Excluding East Jerusalem),Residential Structure,,Jericho,Demolition on the pretext of unlawful construction,
56,2007-01-01,Palestine,1.6 billion,"3,865,000",5.3,4.07,17.6,24.3,978.0,0,0,0.0,0,0,0.0,0,0 - 0,High PIB,1,0,0,The West Bank (Excluding East Jerusalem),Residential Structure,,Qalqiliya,Demolition on the pretext of unlawful construction,
57,2007-01-01,Palestine,1.6 billion,"3,865,000",5.3,4.07,17.6,24.3,978.0,0,0,0.0,0,0,0.0,0,0 - 0,High PIB,2,11,7,The West Bank (Excluding East Jerusalem),Residential Structure,,Ramallah and al-Bira,Demolition on the pretext of unlawful construction,
58,2007-01-01,Palestine,1.6 billion,"3,865,000",5.3,4.07,17.6,24.3,978.0,0,0,0.0,0,0,0.0,0,0 - 0,High PIB,1,0,0,The West Bank (Excluding East Jerusalem),Residential Structure,,Salfit,Demolition on the pretext of unlawful construction,
59,2007-01-01,Palestine,1.6 billion,"3,865,000",5.3,4.07,17.6,24.3,978.0,0,0,0.0,0,0,0.0,0,0 - 0,High PIB,62,219,149,East Jerusalem,Residential Structure,,East Jerusalem,Demolition on the pretext of unlawful construction,Authorities
60,2007-01-01,Palestine,1.6 billion,"3,865,000",5.3,4.07,17.6,24.3,978.0,0,0,0.0,0,0,0.0,0,0 - 0,High PIB,1,0,0,East Jerusalem,Residential Structure,,East Jerusalem,Demolition on the pretext of unlawful construction,Owners
61,2007-01-01,Palestine,1.6 billion,"3,865,000",5.3,4.07,17.6,24.3,978.0,0,0,0.0,0,0,0.0,0,0 - 0,High PIB,7,16,14,Gaza Strip,Residential Structure,Complete Demolition,Deir al-Balah,Demolition for alleged military purposes,
62,2007-01-01,Palestine,1.6 billion,"3,865,000",5.3,4.07,17.6,24.3,978.0,0,0,0.0,0,0,0.0,0,0 - 0,High PIB,4,16,5,Gaza Strip,Residential Structure,Complete Demolition,Gaza,Demolition for alleged military purposes,
63,2007-01-01,Palestine,1.6 billion,"3,865,000",5.3,4.07,17.6,24.3,978.0,0,0,0.0,0,0,0.0,0,0 - 0,High PIB,1,8,2,Gaza Strip,Residential Structure,Complete Demolition,Khan Yunis,Demolition for alleged military purposes,
64,2007-01-01,Palestine,1.6 billion,"3,865,000",5.3,4.07,17.6,24.3,978.0,0,0,0.0,0,0,0.0,0,0 - 0,High PIB,2,12,4,Gaza Strip,Residential Structure,Complete Demolition,North Gaza,Demolition for alleged military purposes,
65,2007-01-01,Palestine,1.6 billion,"3,865,000",5.3,4.07,17.6,24.3,978.0,0,0,0.0,0,0,0.0,0,0 - 0,High PIB,1,3,1,Gaza Strip,Residential Structure,Complete Demolition,Rafah,Demolition for alleged military purposes,
66,2007-01-01,Palestine,1.6 billion,"3,865,000",5.3,4.07,17.6,24.3,978.0,0,0,0.0,0,0,0.0,0,0 - 0,High PIB,2,8,0,The West Bank (Excluding East Jerusalem),Residential Structure,Complete Demolition,Bethlehem,Demolition for alleged military purposes,
67,2007-01-01,Palestine,1.6 billion,"3,865,000",5.3,4.07,17.6,24.3,978.0,0,0,0.0,0,0,0.0,0,0 - 0,High PIB,16,62,20,The West Bank (Excluding East Jerusalem),Residential Structure,Complete Demolition,Nablus,Demolition for alleged military purposes,
68,2007-01-01,Palestine,1.6 billion,"3,865,000",5.3,4.07,17.6,24.3,978.0,0,0,0.0,0,0,0.0,0,0 - 0,High PIB,10,57,19,The West Bank (Excluding East Jerusalem),Residential Structure,Complete Demolition,Qalqiliya,Demolition for alleged military purposes,
69,2008-01-01,Palestine,1.63 billion,"3,966,000",4.2,3.98,16.7,23.2,102.0,0,0,0.0,0,0,0.0,0,0 - 0,Medium PIB,11,64,39,The West Bank (Excluding East Jerusalem),Residential Structure,,Al-Quds,Demolition on the pretext of unlawful construction,
70,2008-01-01,Palestine,1.63 billion,"3,966,000",4.2,3.98,16.7,23.2,102.0,0,0,0.0,0,0,0.0,0,0 - 0,Medium PIB,7,66,40,The West Bank (Excluding East Jerusalem),Residential Structure,,Hebron,Demolition on the pretext of unlawful construction,
71,2008-01-01,Palestine,1.63 billion,"3,966,000",4.2,3.98,16.7,23.2,102.0,0,0,0.0,0,0,0.0,0,0 - 0,Medium PIB,2,9,6,The West Bank (Excluding East Jerusalem),Residential Structure,,Qalqiliya,Demolition on the pretext of unlawful construction,
72,2008-01-01,Palestine,1.63 billion,"3,966,000",4.2,3.98,16.7,23.2,102.0,0,0,0.0,0,0,0.0,0,0 - 0,Medium PIB,16,103,68,The West Bank (Excluding East Jerusalem),Residential Structure,,Ramallah and al-Bira,Demolition on the pretext of unlawful construction,
73,2008-01-01,Palestine,1.63 billion,"3,966,000",4.2,3.98,16.7,23.2,102.0,0,0,0.0,0,0,0.0,0,0 - 0,Medium PIB,8,34,7,The West Bank (Excluding East Jerusalem),Residential Structure,,Tubas,Demolition on the pretext of unlawful construction,
74,2008-01-01,Palestine,1.63 billion,"3,966,000",4.2,3.98,16.7,23.2,102.0,0,0,0.0,0,0,0.0,0,0 - 0,Medium PIB,73,300,161,East Jerusalem,Residential Structure,,East Jerusalem,Demolition on the pretext of unlawful construction,Authorities
75,2008-01-01,Palestine,1.63 billion,"3,966,000",4.2,3.98,16.7,23.2,102.0,0,0,0.0,0,0,0.0,0,0 - 0,Medium PIB,5,40,27,East Jerusalem,Residential Structure,,East Jerusalem,Demolition on the pretext of unlawful construction,Owners
76,2008-01-01,Palestine,1.63 billion,"3,966,000",4.2,3.98,16.7,23.2,102.0,0,0,0.0,0,0,0.0,0,0 - 0,Medium PIB,3,15,7,Gaza Strip,Residential Structure,Complete Demolition,Deir al-Balah,Demolition for alleged military purposes,
77,2008-01-01,Palestine,1.63 billion,"3,966,000",4.2,3.98,16.7,23.2,102.0,0,0,0.0,0,0,0.0,0,0 - 0,Medium PIB,3,12,5,Gaza Strip,Residential Structure,Complete Demolition,Gaza,Demolition for alleged military purposes,
78,2008-01-01,Palestine,1.63 billion,"3,966,000",4.2,3.98,16.7,23.2,102.0,0,0,0.0,0,0,0.0,0,0 - 0,Medium PIB,18,56,28,Gaza Strip,Residential Structure,Complete Demolition,Khan Yunis,Demolition for alleged military purposes,
79,2008-01-01,Palestine,1.63 billion,"3,966,000",4.2,3.98,16.7,23.2,102.0,0,0,0.0,0,0,0.0,0,0 - 0,Medium PIB,6,25,9,Gaza Strip,Residential Structure,Complete Demolition,North Gaza,Demolition for alleged military purposes,
80,2008-01-01,Palestine,1.63 billion,"3,966,000",4.2,3.98,16.7,23.2,102.0,0,0,0.0,0,0,0.0,0,0 - 0,Medium PIB,4,21,14,The West Bank (Excluding East Jerusalem),Residential Structure,Complete Demolition,Bethlehem,Demolition for alleged military purposes,
81,2008-01-01,Palestine,1.63 billion,"3,966,000",4.2,3.98,16.7,23.2,102.0,0,0,0.0,0,0,0.0,0,0 - 0,Medium PIB,3,14,9,The West Bank (Excluding East Jerusalem),Residential Structure,Complete Demolition,Qalqiliya,Demolition for alleged military purposes,
82,2008-01-01,Palestine,1.63 billion,"3,966,000",4.2,3.98,16.7,23.2,102.0,0,0,0.0,0,0,0.0,0,0 - 0,Medium PIB,3,13,2,The West Bank (Excluding East Jerusalem),Residential Structure,Complete Demolition,Tulkarm,Demolition for alleged military purposes,
83,2009-01-01,Palestine,1.61 billion,"4,018,000",6.8,4.0,15.9,22.4,104.0,0,0,0.0,0,0,0.0,0,0 - 0,High PIB,3,27,15,The West Bank (Excluding East Jerusalem),Residential Structure,,Al-Quds,Demolition on the pretext of unlawful construction,
84,2009-01-01,Palestine,1.61 billion,"4,018,000",6.8,4.0,15.9,22.4,104.0,0,0,0.0,0,0,0.0,0,0 - 0,High PIB,1,9,7,The West Bank (Excluding East Jerusalem),Residential Structure,,Ramallah and al-Bira,Demolition on the pretext of unlawful construction,
85,2009-01-01,Palestine,1.61 billion,"4,018,000",6.8,4.0,15.9,22.4,104.0,0,0,0.0,0,0,0.0,0,0 - 0,High PIB,24,182,40,The West Bank (Excluding East Jerusalem),Residential Structure,,Tubas,Demolition on the pretext of unlawful construction,
86,2009-01-01,Palestine,1.61 billion,"4,018,000",6.8,4.0,15.9,22.4,104.0,0,0,0.0,0,0,0.0,0,0 - 0,High PIB,44,245,138,East Jerusalem,Residential Structure,,East Jerusalem,Demolition on the pretext of unlawful construction,Authorities
87,2009-01-01,Palestine,1.61 billion,"4,018,000",6.8,4.0,15.9,22.4,104.0,0,0,0.0,0,0,0.0,0,0 - 0,High PIB,2,11,7,East Jerusalem,Residential Structure,,East Jerusalem,Demolition on the pretext of unlawful construction,Owners
88,2009-01-01,Palestine,1.61 billion,"4,018,000",6.8,4.0,15.9,22.4,104.0,0,0,0.0,0,0,0.0,0,0 - 0,High PIB,3,28,0,East Jerusalem,Residential Structure,Complete Demolition,East Jerusalem,Demolition of houses as punishment,
89,2010-01-01,Palestine,1.6 billion,"4,070,000",8.5,3.99,15.1,21.9,108.0,0,0,0.0,0,0,0.0,0,0 - 0,High PIB,5,34,24,The West Bank (Excluding East Jerusalem),Residential Structure,,Bethlehem,Demolition on the pretext of unlawful construction,
90,2010-01-01,Palestine,1.6 billion,"4,070,000",8.5,3.99,15.1,21.9,108.0,0,0,0.0,0,0,0.0,0,0 - 0,High PIB,3,27,21,The West Bank (Excluding East Jerusalem),Residential Structure,,Hebron,Demolition on the pretext of unlawful construction,
91,2010-01-01,Palestine,1.6 billion,"4,070,000",8.5,3.99,15.1,21.9,108.0,0,0,0.0,0,0,0.0,0,0 - 0,High PIB,3,37,24,The West Bank (Excluding East Jerusalem),Residential Structure,,Jericho,Demolition on the pretext of unlawful construction,
92,2010-01-01,Palestine,1.6 billion,"4,070,000",8.5,3.99,15.1,21.9,108.0,0,0,0.0,0,0,0.0,0,0 - 0,High PIB,19,133,47,The West Bank (Excluding East Jerusalem),Residential Structure,,Nablus,Demolition on the pretext of unlawful construction,
93,2010-01-01,Palestine,1.6 billion,"4,070,000",8.5,3.99,15.1,21.9,108.0,0,0,0.0,0,0,0.0,0,0 - 0,High PIB,1,5,3,The West Bank (Excluding East Jerusalem),Residential Structure,,Qalqiliya,Demolition on the pretext of unlawful construction,
94,2010-01-01,Palestine,1.6 billion,"4,070,000",8.5,3.99,15.1,21.9,108.0,0,0,0.0,0,0,0.0,0,0 - 0,High PIB,2,2,0,The West Bank (Excluding East Jerusalem),Residential Structure,,Ramallah and al-Bira,Demolition on the pretext of unlawful construction,
95,2010-01-01,Palestine,1.6 billion,"4,070,000",8.5,3.99,15.1,21.9,108.0,0,0,0.0,0,0,0.0,0,0 - 0,High PIB,2,7,5,The West Bank (Excluding East Jerusalem),Residential Structure,,Salfit,Demolition on the pretext of unlawful construction,
96,2010-01-01,Palestine,1.6 billion,"4,070,000",8.5,3.99,15.1,21.9,108.0,0,0,0.0,0,0,0.0,0,0 - 0,High PIB,50,142,60,The West Bank (Excluding East Jerusalem),Residential Structure,,Tubas,Demolition on the pretext of unlawful construction,
97,2010-01-01,Palestine,1.6 billion,"4,070,000",8.5,3.99,15.1,21.9,108.0,0,0,0.0,0,0,0.0,0,0 - 0,High PIB,14,100,54,East Jerusalem,Residential Structure,,East Jerusalem,Demolition on the pretext of unlawful construction,Authorities
98,2010-01-01,Palestine,1.6 billion,"4,070,000",8.5,3.99,15.1,21.9,108.0,0,0,0.0,0,0,0.0,0,0 - 0,High PIB,9,81,37,East Jerusalem,Residential Structure,,East Jerusalem,Demolition on the pretext of unlawful construction,Owners
99,2010-01-01,Palestine,1.6 billion,"4,070,000",8.5,3.99,15.1,21.9,108.0,0,0,0.0,0,0,0.0,0,0 - 0,High PIB,3,13,7,Gaza Strip,Residential Structure,Complete Demolition,Deir al-Balah,Demolition for alleged military purposes,
100,2010-01-01,Palestine,1.6 billion,"4,070,000",8.5,3.99,15.1,21.9,108.0,0,0,0.0,0,0,0.0,0,0 - 0,High PIB,9,25,16,Gaza Strip,Residential Structure,Complete Demolition,Khan Yunis,Demolition for alleged military purposes,
101,2010-01-01,Palestine,1.6 billion,"4,070,000",8.5,3.99,15.1,21.9,108.0,0,0,0.0,0,0,0.0,0,0 - 0,High PIB,1,0,0,Gaza Strip,Residential Structure,Partial Demolition,Khan Yunis,Demolition for alleged military purposes,
102,2010-01-01,Palestine,1.6 billion,"4,070,000",8.5,3.99,15.1,21.9,108.0,0,0,0.0,0,0,0.0,0,0 - 0,High PIB,1,6,4,The West Bank (Excluding East Jerusalem),Residential Structure,Complete Demolition,Herbon,Demolition for alleged military purposes,
103,2011-01-01,Palestine,1.74 billion,"4,198,000",-0.5,3.87,14.3,21.1,112.0,0,0,0.0,0,0,0.0,0,0 - 0,Low PIB,23,128,73,The West Bank (Excluding East Jerusalem),Residential Structure,,Al-Quds,Demolition on the pretext of unlawful construction,
104,2011-01-01,Palestine,1.74 billion,"4,198,000",-0.5,3.87,14.3,21.1,112.0,0,0,0.0,0,0,0.0,0,0 - 0,Low PIB,1,10,6,The West Bank (Excluding East Jerusalem),Residential Structure,,Bethlehem,Demolition on the pretext of unlawful construction,
105,2011-01-01,Palestine,1.74 billion,"4,198,000",-0.5,3.87,14.3,21.1,112.0,0,0,0.0,0,0,0.0,0,0 - 0,Low PIB,26,211,97,The West Bank (Excluding East Jerusalem),Residential Structure,,Hebron,Demolition on the pretext of unlawful construction,
106,2011-01-01,Palestine,1.74 billion,"4,198,000",-0.5,3.87,14.3,21.1,112.0,0,0,0.0,0,0,0.0,0,0 - 0,Low PIB,33,183,85,The West Bank (Excluding East Jerusalem),Residential Structure,,Jericho,Demolition on the pretext of unlawful construction,
107,2011-01-01,Palestine,1.74 billion,"4,198,000",-0.5,3.87,14.3,21.1,112.0,0,0,0.0,0,0,0.0,0,0 - 0,Low PIB,43,148,60,The West Bank (Excluding East Jerusalem),Residential Structure,,Nablus,Demolition on the pretext of unlawful construction,
108,2011-01-01,Palestine,1.74 billion,"4,198,000",-0.5,3.87,14.3,21.1,112.0,0,0,0.0,0,0,0.0,0,0 - 0,Low PIB,7,45,30,The West Bank (Excluding East Jerusalem),Residential Structure,,Qalqiliya,Demolition on the pretext of unlawful construction,
109,2011-01-01,Palestine,1.74 billion,"4,198,000",-0.5,3.87,14.3,21.1,112.0,0,0,0.0,0,0,0.0,0,0 - 0,Low PIB,4,16,8,The West Bank (Excluding East Jerusalem),Residential Structure,,Ramallah and al-Bira,Demolition on the pretext of unlawful construction,
110,2011-01-01,Palestine,1.74 billion,"4,198,000",-0.5,3.87,14.3,21.1,112.0,0,0,0.0,0,0,0.0,0,0 - 0,Low PIB,20,112,48,The West Bank (Excluding East Jerusalem),Residential Structure,,Tubas,Demolition on the pretext of unlawful construction,
111,2011-01-01,Palestine,1.74 billion,"4,198,000",-0.5,3.87,14.3,21.1,112.0,0,0,0.0,0,0,0.0,0,0 - 0,Low PIB,8,48,22,East Jerusalem,Residential Structure,,East Jerusalem,Demolition on the pretext of unlawful construction,Authorities
112,2011-01-01,Palestine,1.74 billion,"4,198,000",-0.5,3.87,14.3,21.1,112.0,0,0,0.0,0,0,0.0,0,0 - 0,Low PIB,15,66,34,East Jerusalem,Residential Structure,,East Jerusalem,Demolition on the pretext of unlawful construction,Owners
113,2011-01-01,Palestine,1.74 billion,"4,198,000",-0.5,3.87,14.3,21.1,112.0,0,0,0.0,0,0,0.0,0,0 - 0,Low PIB,2,12,0,Gaza Strip,Residential Structure,Complete Demolition,Deir al-Balah,Demolition for alleged military purposes,
114,2012-01-01,Palestine,1.82 billion,"4,297,000",5.9,3.83,13.8,20.4,115.0,0,0,0.0,0,0,0.0,0,0 - 0,High PIB,14,83,52,The West Bank (Excluding East Jerusalem),Residential Structure,,Al-Quds,Demolition on the pretext of unlawful construction,
115,2012-01-01,Palestine,1.82 billion,"4,297,000",5.9,3.83,13.8,20.4,115.0,0,0,0.0,0,0,0.0,0,0 - 0,High PIB,4,21,8,The West Bank (Excluding East Jerusalem),Residential Structure,,Bethlehem,Demolition on the pretext of unlawful construction,
116,2012-01-01,Palestine,1.82 billion,"4,297,000",5.9,3.83,13.8,20.4,115.0,0,0,0.0,0,0,0.0,0,0 - 0,High PIB,18,121,63,The West Bank (Excluding East Jerusalem),Residential Structure,,Hebron,Demolition on the pretext of unlawful construction,
117,2012-01-01,Palestine,1.82 billion,"4,297,000",5.9,3.83,13.8,20.4,115.0,0,0,0.0,0,0,0.0,0,0 - 0,High PIB,10,23,13,The West Bank (Excluding East Jerusalem),Residential Structure,,Jericho,Demolition on the pretext of unlawful construction,
118,2012-01-01,Palestine,1.82 billion,"4,297,000",5.9,3.83,13.8,20.4,115.0,0,0,0.0,0,0,0.0,0,0 - 0,High PIB,12,31,11,The West Bank (Excluding East Jerusalem),Residential Structure,,Nablus,Demolition on the pretext of unlawful construction,
119,2012-01-01,Palestine,1.82 billion,"4,297,000",5.9,3.83,13.8,20.4,115.0,0,0,0.0,0,0,0.0,0,0 - 0,High PIB,3,19,11,The West Bank (Excluding East Jerusalem),Residential Structure,,Qalqiliya,Demolition on the pretext of unlawful construction,
120,2012-01-01,Palestine,1.82 billion,"4,297,000",5.9,3.83,13.8,20.4,115.0,0,0,0.0,0,0,0.0,0,0 - 0,High PIB,9,50,32,The West Bank (Excluding East Jerusalem),Residential Structure,,Ramallah and al-Bira,Demolition on the pretext of unlawful construction,
121,2012-01-01,Palestine,1.82 billion,"4,297,000",5.9,3.83,13.8,20.4,115.0,0,0,0.0,0,0,0.0,0,0 - 0,High PIB,11,59,37,The West Bank (Excluding East Jerusalem),Residential Structure,,Salfit,Demolition on the pretext of unlawful construction,
122,2012-01-01,Palestine,1.82 billion,"4,297,000",5.9,3.83,13.8,20.4,115.0,0,0,0.0,0,0,0.0,0,0 - 0,High PIB,17,119,47,The West Bank (Excluding East Jerusalem),Residential Structure,,Tubas,Demolition on the pretext of unlawful construction,
123,2012-01-01,Palestine,1.82 billion,"4,297,000",5.9,3.83,13.8,20.4,115.0,0,0,0.0,0,0,0.0,0,0 - 0,High PIB,14,61,31,East Jerusalem,Residential Structure,,East Jerusalem,Demolition on the pretext of unlawful construction,Authorities
124,2012-01-01,Palestine,1.82 billion,"4,297,000",5.9,3.83,13.8,20.4,115.0,0,0,0.0,0,0,0.0,0,0 - 0,High PIB,8,46,21,East Jerusalem,Residential Structure,,East Jerusalem,Demolition on the pretext of unlawful construction,Owners
125,2012-01-01,Palestine,1.82 billion,"4,297,000",5.9,3.83,13.8,20.4,115.0,0,0,0.0,0,0,0.0,0,0 - 0,High PIB,25,0,0,East Jerusalem,Non Residential Structure,,East Jerusalem,Demolition on the pretext of unlawful construction,Authorities
126,2012-01-01,Palestine,1.82 billion,"4,297,000",5.9,3.83,13.8,20.4,115.0,0,0,0.0,0,0,0.0,0,0 - 0,High PIB,2,0,0,East Jerusalem,Non Residential Structure,,East Jerusalem,Demolition on the pretext of unlawful construction,Owners
127,2013-01-01,Palestine,1.84 billion,"4,404,000",4.9,3.79,13.4,20.0,117.0,0,0,0.0,0,0,0.0,0,0 - 0,Medium PIB,17,74,48,The West Bank (Excluding East Jerusalem),Residential Structure,,Al-Quds,Demolition on the pretext of unlawful construction,
128,2013-01-01,Palestine,1.84 billion,"4,404,000",4.9,3.79,13.4,20.0,117.0,0,0,0.0,0,0,0.0,0,0 - 0,Medium PIB,1,0,0,The West Bank (Excluding East Jerusalem),Residential Structure,,Bethlehem,Demolition on the pretext of unlawful construction,
129,2013-01-01,Palestine,1.84 billion,"4,404,000",4.9,3.79,13.4,20.0,117.0,0,0,0.0,0,0,0.0,0,0 - 0,Medium PIB,11,39,20,The West Bank (Excluding East Jerusalem),Residential Structure,,Hebron,Demolition on the pretext of unlawful construction,
130,2013-01-01,Palestine,1.84 billion,"4,404,000",4.9,3.79,13.4,20.0,117.0,0,0,0.0,0,0,0.0,0,0 - 0,Medium PIB,2,2,0,The West Bank (Excluding East Jerusalem),Residential Structure,,Jenin,Demolition on the pretext of unlawful construction,
131,2013-01-01,Palestine,1.84 billion,"4,404,000",4.9,3.79,13.4,20.0,117.0,0,0,0.0,0,0,0.0,0,0 - 0,Medium PIB,29,165,90,The West Bank (Excluding East Jerusalem),Residential Structure,,Jericho,Demolition on the pretext of unlawful construction,
132,2013-01-01,Palestine,1.84 billion,"4,404,000",4.9,3.79,13.4,20.0,117.0,0,0,0.0,0,0,0.0,0,0 - 0,Medium PIB,2,8,3,The West Bank (Excluding East Jerusalem),Residential Structure,,Nablus,Demolition on the pretext of unlawful construction,
133,2013-01-01,Palestine,1.84 billion,"4,404,000",4.9,3.79,13.4,20.0,117.0,0,0,0.0,0,0,0.0,0,0 - 0,Medium PIB,16,63,26,The West Bank (Excluding East Jerusalem),Residential Structure,,Ramallah and al-Bira,Demolition on the pretext of unlawful construction,
134,2013-01-01,Palestine,1.84 billion,"4,404,000",4.9,3.79,13.4,20.0,117.0,0,0,0.0,0,0,0.0,0,0 - 0,Medium PIB,1,0,0,The West Bank (Excluding East Jerusalem),Residential Structure,,Salfit,Demolition on the pretext of unlawful construction,
135,2013-01-01,Palestine,1.84 billion,"4,404,000",4.9,3.79,13.4,20.0,117.0,0,0,0.0,0,0,0.0,0,0 - 0,Medium PIB,97,181,85,The West Bank (Excluding East Jerusalem),Residential Structure,,Tubas,Demolition on the pretext of unlawful construction,
136,2013-01-01,Palestine,1.84 billion,"4,404,000",4.9,3.79,13.4,20.0,117.0,0,0,0.0,0,0,0.0,0,0 - 0,Medium PIB,60,224,126,East Jerusalem,Residential Structure,,East Jerusalem,Demolition on the pretext of unlawful construction,Authorities
137,2013-01-01,Palestine,1.84 billion,"4,404,000",4.9,3.79,13.4,20.0,117.0,0,0,0.0,0,0,0.0,0,0 - 0,Medium PIB,13,82,53,East Jerusalem,Residential Structure,,East Jerusalem,Demolition on the pretext of unlawful construction,Owners
138,2013-01-01,Palestine,1.84 billion,"4,404,000",4.9,3.79,13.4,20.0,117.0,0,0,0.0,0,0,0.0,0,0 - 0,Medium PIB,27,0,0,East Jerusalem,Non Residential Structure,,East Jerusalem,Demolition on the pretext of unlawful construction,Authorities
139,2014-01-01,Palestine,1.84 billion,"4,530,000",5.9,3.74,12.8,19.5,120.0,0,0,0.0,0,0,0.0,0,0 - 0,High PIB,26,175,104,The West Bank (Excluding East Jerusalem),Residential Structure,,Al-Quds,Demolition on the pretext of unlawful construction,
140,2014-01-01,Palestine,1.84 billion,"4,530,000",5.9,3.74,12.8,19.5,120.0,0,0,0.0,0,0,0.0,0,0 - 0,High PIB,2,20,14,The West Bank (Excluding East Jerusalem),Residential Structure,,Bethlehem,Demolition on the pretext of unlawful construction,
141,2014-01-01,Palestine,1.84 billion,"4,530,000",5.9,3.74,12.8,19.5,120.0,0,0,0.0,0,0,0.0,0,0 - 0,High PIB,19,133,66,The West Bank (Excluding East Jerusalem),Residential Structure,,Hebron,Demolition on the pretext of unlawful construction,
142,2014-01-01,Palestine,1.84 billion,"4,530,000",5.9,3.74,12.8,19.5,120.0,0,0,0.0,0,0,0.0,0,0 - 0,High PIB,33,143,71,The West Bank (Excluding East Jerusalem),Residential Structure,,Jericho,Demolition on the pretext of unlawful construction,
143,2014-01-01,Palestine,1.84 billion,"4,530,000",5.9,3.74,12.8,19.5,120.0,0,0,0.0,0,0,0.0,0,0 - 0,High PIB,13,46,22,The West Bank (Excluding East Jerusalem),Residential Structure,,Nablus,Demolition on the pretext of unlawful construction,
144,2014-01-01,Palestine,1.84 billion,"4,530,000",5.9,3.74,12.8,19.5,120.0,0,0,0.0,0,0,0.0,0,0 - 0,High PIB,7,33,19,The West Bank (Excluding East Jerusalem),Residential Structure,,Ramallah and al-Bira,Demolition on the pretext of unlawful construction,
145,2014-01-01,Palestine,1.84 billion,"4,530,000",5.9,3.74,12.8,19.5,120.0,0,0,0.0,0,0,0.0,0,0 - 0,High PIB,45,179,99,The West Bank (Excluding East Jerusalem),Residential Structure,,Tubas,Demolition on the pretext of unlawful construction,
146,2014-01-01,Palestine,1.84 billion,"4,530,000",5.9,3.74,12.8,19.5,120.0,0,0,0.0,0,0,0.0,0,0 - 0,High PIB,37,93,45,East Jerusalem,Residential Structure,,East Jerusalem,Demolition on the pretext of unlawful construction,Authorities
147,2014-01-01,Palestine,1.84 billion,"4,530,000",5.9,3.74,12.8,19.5,120.0,0,0,0.0,0,0,0.0,0,0 - 0,High PIB,17,74,32,East Jerusalem,Residential Structure,,East Jerusalem,Demolition on the pretext of unlawful construction,Owners
148,2014-01-01,Palestine,1.84 billion,"4,530,000",5.9,3.74,12.8,19.5,120.0,0,0,0.0,0,0,0.0,0,0 - 0,High PIB,48,0,0,East Jerusalem,Non Residential Structure,,East Jerusalem,Demolition on the pretext of unlawful construction,Authorities
149,2014-01-01,Palestine,1.84 billion,"4,530,000",5.9,3.74,12.8,19.5,120.0,0,0,0.0,0,0,0.0,0,0 - 0,High PIB,3,0,0,East Jerusalem,Non Residential Structure,,East Jerusalem,Demolition on the pretext of unlawful construction,Owners
150,2014-01-01,Palestine,1.84 billion,"4,530,000",5.9,3.74,12.8,19.5,120.0,0,0,0.0,0,0,0.0,0,0 - 0,High PIB,1,0,0,The West Bank (Excluding East Jerusalem),Residential Structure,Partial Demolition,Ramallah and al-Bira,Demolition for alleged military purposes,
151,2014-01-01,Palestine,1.84 billion,"4,530,000",5.9,3.74,12.8,19.5,120.0,0,0,0.0,0,0,0.0,0,0 - 0,High PIB,3,0,0,The West Bank (Excluding East Jerusalem),Non Residential Structure,Complete Demolition,Nablus,Demolition for alleged military purposes,
152,2014-01-01,Palestine,1.84 billion,"4,530,000",5.9,3.74,12.8,19.5,120.0,0,0,0.0,0,0,0.0,0,0 - 0,High PIB,4,23,13,The West Bank (Excluding East Jerusalem),Residential Structure,Complete Demolition,Herbron,Demolition of houses as punishment,
153,2014-01-01,Palestine,1.84 billion,"4,530,000",5.9,3.74,12.8,19.5,120.0,0,0,0.0,0,0,0.0,0,0 - 0,High PIB,1,6,3,East Jerusalem,Residential Structure,Complete Demolition,East Jerusalem,Demolition of houses as punishment,
154,2015-01-01,Palestine,1.9 billion,"4,692,000",3.3,3.69,12.3,18.9,123.0,0,0,0.0,0,0,0.0,0,0 - 0,Medium PIB,20,102,65,The West Bank (Excluding East Jerusalem),Residential Structure,,Al-Quds,Demolition on the pretext of unlawful construction,
155,2015-01-01,Palestine,1.9 billion,"4,692,000",3.3,3.69,12.3,18.9,123.0,0,0,0.0,0,0,0.0,0,0 - 0,Medium PIB,1,0,0,The West Bank (Excluding East Jerusalem),Residential Structure,,Bethlehem,Demolition on the pretext of unlawful construction,
156,2015-01-01,Palestine,1.9 billion,"4,692,000",3.3,3.69,12.3,18.9,123.0,0,0,0.0,0,0,0.0,0,0 - 0,Medium PIB,11,47,25,The West Bank (Excluding East Jerusalem),Residential Structure,,Hebron,Demolition on the pretext of unlawful construction,
157,2015-01-01,Palestine,1.9 billion,"4,692,000",3.3,3.69,12.3,18.9,123.0,0,0,0.0,0,0,0.0,0,0 - 0,Medium PIB,3,21,13,The West Bank (Excluding East Jerusalem),Residential Structure,,Jenin,Demolition on the pretext of unlawful construction,
158,2015-01-01,Palestine,1.9 billion,"4,692,000",3.3,3.69,12.3,18.9,123.0,0,0,0.0,0,0,0.0,0,0 - 0,Medium PIB,37,122,70,The West Bank (Excluding East Jerusalem),Residential Structure,,Jericho,Demolition on the pretext of unlawful construction,
159,2015-01-01,Palestine,1.9 billion,"4,692,000",3.3,3.69,12.3,18.9,123.0,0,0,0.0,0,0,0.0,0,0 - 0,Medium PIB,19,116,80,The West Bank (Excluding East Jerusalem),Residential Structure,,Ramallah and al-Bira,Demolition on the pretext of unlawful construction,
160,2015-01-01,Palestine,1.9 billion,"4,692,000",3.3,3.69,12.3,18.9,123.0,0,0,0.0,0,0,0.0,0,0 - 0,Medium PIB,35,98,40,The West Bank (Excluding East Jerusalem),Residential Structure,,Tubas,Demolition on the pretext of unlawful construction,
161,2015-01-01,Palestine,1.9 billion,"4,692,000",3.3,3.69,12.3,18.9,123.0,0,0,0.0,0,0,0.0,0,0 - 0,Medium PIB,42,81,51,East Jerusalem,Residential Structure,,East Jerusalem,Demolition on the pretext of unlawful construction,Authorities
162,2015-01-01,Palestine,1.9 billion,"4,692,000",3.3,3.69,12.3,18.9,123.0,0,0,0.0,0,0,0.0,0,0 - 0,Medium PIB,3,23,14,East Jerusalem,Residential Structure,,East Jerusalem,Demolition on the pretext of unlawful construction,Owners
163,2015-01-01,Palestine,1.9 billion,"4,692,000",3.3,3.69,12.3,18.9,123.0,0,0,0.0,0,0,0.0,0,0 - 0,Medium PIB,40,0,0,East Jerusalem,Non Residential Structure,,East Jerusalem,Demolition on the pretext of unlawful construction,Authorities
164,2015-01-01,Palestine,1.9 billion,"4,692,000",3.3,3.69,12.3,18.9,123.0,0,0,0.0,0,0,0.0,0,0 - 0,Medium PIB,1,0,0,East Jerusalem,Non Residential Structure,,East Jerusalem,Demolition on the pretext of unlawful construction,Owners
165,2015-01-01,Palestine,1.9 billion,"4,692,000",3.3,3.69,12.3,18.9,123.0,0,0,0.0,0,0,0.0,0,0 - 0,Medium PIB,1,3,2,The West Bank (Excluding East Jerusalem),Residential Structure,Complete Demolition,Al-Quds,Demolition of houses as punishment,
166,2015-01-01,Palestine,1.9 billion,"4,692,000",3.3,3.69,12.3,18.9,123.0,0,0,0.0,0,0,0.0,0,0 - 0,Medium PIB,1,3,2,The West Bank (Excluding East Jerusalem),Residential Structure,Complete Demolition,Herbron,Demolition of houses as punishment,
167,2015-01-01,Palestine,1.9 billion,"4,692,000",3.3,3.69,12.3,18.9,123.0,0,0,0.0,0,0,0.0,0,0 - 0,Medium PIB,5,25,10,The West Bank (Excluding East Jerusalem),Residential Structure,Complete Demolition,Nablus,Demolition of houses as punishment,
168,2015-01-01,Palestine,1.9 billion,"4,692,000",3.3,3.69,12.3,18.9,123.0,0,0,0.0,0,0,0.0,0,0 - 0,Medium PIB,1,5,1,The West Bank (Excluding East Jerusalem),Residential Structure,Complete Demolition,Ramallah and al-Bira,Demolition of houses as punishment,
169,2015-01-01,Palestine,1.9 billion,"4,692,000",3.3,3.69,12.3,18.9,123.0,0,0,0.0,0,0,0.0,0,0 - 0,Medium PIB,4,18,8,East Jerusalem,Residential Structure,Complete Demolition,East Jerusalem,Demolition of houses as punishment,
170,2015-01-01,Palestine,1.9 billion,"4,692,000",3.3,3.69,12.3,18.9,123.0,0,0,0.0,0,0,0.0,0,0 - 0,Medium PIB,1,0,0,East Jerusalem,Residential Structure,Partial Demolition,East Jerusalem,Demolition of houses as punishment,
171,2016-01-01,Palestine,1.91 billion,"4,768,000",4.0,3.64,11.9,18.5,126.0,0,0,0.0,0,0,0.0,0,0 - 0,Medium PIB,85,331,180,The West Bank (Excluding East Jerusalem),Residential Structure,,Al-Quds,Demolition on the pretext of unlawful construction,
172,2016-01-01,Palestine,1.91 billion,"4,768,000",4.0,3.64,11.9,18.5,126.0,0,0,0.0,0,0,0.0,0,0 - 0,Medium PIB,5,7,4,The West Bank (Excluding East Jerusalem),Residential Structure,,Bethlehem,Demolition on the pretext of unlawful construction,
173,2016-01-01,Palestine,1.91 billion,"4,768,000",4.0,3.64,11.9,18.5,126.0,0,0,0.0,0,0,0.0,0,0 - 0,Medium PIB,36,166,87,The West Bank (Excluding East Jerusalem),Residential Structure,,Hebron,Demolition on the pretext of unlawful construction,
174,2016-01-01,Palestine,1.91 billion,"4,768,000",4.0,3.64,11.9,18.5,126.0,0,0,0.0,0,0,0.0,0,0 - 0,Medium PIB,38,231,146,The West Bank (Excluding East Jerusalem),Residential Structure,,Jericho,Demolition on the pretext of unlawful construction,
175,2016-01-01,Palestine,1.91 billion,"4,768,000",4.0,3.64,11.9,18.5,126.0,0,0,0.0,0,0,0.0,0,0 - 0,Medium PIB,57,200,96,The West Bank (Excluding East Jerusalem),Residential Structure,,Nablus,Demolition on the pretext of unlawful construction,
176,2016-01-01,Palestine,1.91 billion,"4,768,000",4.0,3.64,11.9,18.5,126.0,0,0,0.0,0,0,0.0,0,0 - 0,Medium PIB,11,58,24,The West Bank (Excluding East Jerusalem),Residential Structure,,Ramallah and al-Bira,Demolition on the pretext of unlawful construction,
177,2016-01-01,Palestine,1.91 billion,"4,768,000",4.0,3.64,11.9,18.5,126.0,0,0,0.0,0,0,0.0,0,0 - 0,Medium PIB,44,181,63,The West Bank (Excluding East Jerusalem),Residential Structure,,Tubas,Demolition on the pretext of unlawful construction,
178,2016-01-01,Palestine,1.91 billion,"4,768,000",4.0,3.64,11.9,18.5,126.0,0,0,0.0,0,0,0.0,0,0 - 0,Medium PIB,74,213,102,East Jerusalem,Residential Structure,,East Jerusalem,Demolition on the pretext of unlawful construction,Authorities
179,2016-01-01,Palestine,1.91 billion,"4,768,000",4.0,3.64,11.9,18.5,126.0,0,0,0.0,0,0,0.0,0,0 - 0,Medium PIB,15,89,51,East Jerusalem,Residential Structure,,East Jerusalem,Demolition on the pretext of unlawful construction,Owners
180,2016-01-01,Palestine,1.91 billion,"4,768,000",4.0,3.64,11.9,18.5,126.0,0,0,0.0,0,0,0.0,0,0 - 0,Medium PIB,50,0,0,East Jerusalem,Non Residential Structure,,East Jerusalem,Demolition on the pretext of unlawful construction,Authorities
181,2016-01-01,Palestine,1.91 billion,"4,768,000",4.0,3.64,11.9,18.5,126.0,0,0,0.0,0,0,0.0,0,0 - 0,Medium PIB,2,0,0,East Jerusalem,Non Residential Structure,,East Jerusalem,Demolition on the pretext of unlawful construction,Owners
182,2016-01-01,Palestine,1.91 billion,"4,768,000",4.0,3.64,11.9,18.5,126.0,0,0,0.0,0,0,0.0,0,0 - 0,Medium PIB,5,6,2,The West Bank (Excluding East Jerusalem),Residential Structure,Complete Demolition,Herbon,Demolition for alleged military purposes,
183,2016-01-01,Palestine,1.91 billion,"4,768,000",4.0,3.64,11.9,18.5,126.0,0,0,0.0,0,0,0.0,0,0 - 0,Medium PIB,4,23,9,The West Bank (Excluding East Jerusalem),Residential Structure,Complete Demolition,Al-Quds,Demolition of houses as punishment,
184,2016-01-01,Palestine,1.91 billion,"4,768,000",4.0,3.64,11.9,18.5,126.0,0,0,0.0,0,0,0.0,0,0 - 0,Medium PIB,13,55,25,The West Bank (Excluding East Jerusalem),Residential Structure,Complete Demolition,Herbron,Demolition of houses as punishment,
185,2016-01-01,Palestine,1.91 billion,"4,768,000",4.0,3.64,11.9,18.5,126.0,0,0,0.0,0,0,0.0,0,0 - 0,Medium PIB,4,30,8,The West Bank (Excluding East Jerusalem),Residential Structure,Complete Demolition,Jenin,Demolition of houses as punishment,
186,2016-01-01,Palestine,1.91 billion,"4,768,000",4.0,3.64,11.9,18.5,126.0,0,0,0.0,0,0,0.0,0,0 - 0,Medium PIB,2,10,5,The West Bank (Excluding East Jerusalem),Residential Structure,Complete Demolition,Nablus,Demolition of houses as punishment,
187,2016-01-01,Palestine,1.91 billion,"4,768,000",4.0,3.64,11.9,18.5,126.0,0,0,0.0,0,0,0.0,0,0 - 0,Medium PIB,1,5,2,The West Bank (Excluding East Jerusalem),Residential Structure,Complete Demolition,Qalqiliya,Demolition of houses as punishment,
188,2016-01-01,Palestine,1.91 billion,"4,768,000",4.0,3.64,11.9,18.5,126.0,0,0,0.0,0,0,0.0,0,0 - 0,Medium PIB,4,15,5,East Jerusalem,Residential Structure,Complete Demolition,East Jerusalem,Demolition of houses as punishment,
189,2017-01-01,Palestine,1.94 billion,"4,816,000",3.1,3.57,11.4,17.9,129.0,0,0,0.0,0,0,0.0,0,0 - 0,Medium PIB,50,179,115,The West Bank (Excluding East Jerusalem),Residential Structure,,Al-Quds,Demolition on the pretext of unlawful construction,
190,2017-01-01,Palestine,1.94 billion,"4,816,000",3.1,3.57,11.4,17.9,129.0,0,0,0.0,0,0,0.0,0,0 - 0,Medium PIB,6,7,5,The West Bank (Excluding East Jerusalem),Residential Structure,,Bethlehem,Demolition on the pretext of unlawful construction,
191,2017-01-01,Palestine,1.94 billion,"4,816,000",3.1,3.57,11.4,17.9,129.0,0,0,0.0,0,0,0.0,0,0 - 0,Medium PIB,7,37,17,The West Bank (Excluding East Jerusalem),Residential Structure,,Hebron,Demolition on the pretext of unlawful construction,
192,2017-01-01,Palestine,1.94 billion,"4,816,000",3.1,3.57,11.4,17.9,129.0,0,0,0.0,0,0,0.0,0,0 - 0,Medium PIB,18,33,16,The West Bank (Excluding East Jerusalem),Residential Structure,,Jericho,Demolition on the pretext of unlawful construction,
193,2017-01-01,Palestine,1.94 billion,"4,816,000",3.1,3.57,11.4,17.9,129.0,0,0,0.0,0,0,0.0,0,0 - 0,Medium PIB,13,69,33,The West Bank (Excluding East Jerusalem),Residential Structure,,Nablus,Demolition on the pretext of unlawful construction,
194,2017-01-01,Palestine,1.94 billion,"4,816,000",3.1,3.57,11.4,17.9,129.0,0,0,0.0,0,0,0.0,0,0 - 0,Medium PIB,4,21,11,The West Bank (Excluding East Jerusalem),Residential Structure,,Ramallah and al-Bira,Demolition on the pretext of unlawful construction,
195,2017-01-01,Palestine,1.94 billion,"4,816,000",3.1,3.57,11.4,17.9,129.0,0,0,0.0,0,0,0.0,0,0 - 0,Medium PIB,4,20,6,The West Bank (Excluding East Jerusalem),Residential Structure,,Tubas,Demolition on the pretext of unlawful construction,
196,2017-01-01,Palestine,1.94 billion,"4,816,000",3.1,3.57,11.4,17.9,129.0,0,0,0.0,0,0,0.0,0,0 - 0,Medium PIB,52,122,63,East Jerusalem,Residential Structure,,East Jerusalem,Demolition on the pretext of unlawful construction,Authorities
197,2017-01-01,Palestine,1.94 billion,"4,816,000",3.1,3.57,11.4,17.9,129.0,0,0,0.0,0,0,0.0,0,0 - 0,Medium PIB,10,40,25,East Jerusalem,Residential Structure,,East Jerusalem,Demolition on the pretext of unlawful construction,Owners
198,2017-01-01,Palestine,1.94 billion,"4,816,000",3.1,3.57,11.4,17.9,129.0,0,0,0.0,0,0,0.0,0,0 - 0,Medium PIB,41,0,0,East Jerusalem,Non Residential Structure,,East Jerusalem,Demolition on the pretext of unlawful construction,Authorities
199,2017-01-01,Palestine,1.94 billion,"4,816,000",3.1,3.57,11.4,17.9,129.0,0,0,0.0,0,0,0.0,0,0 - 0,Medium PIB,8,0,0,East Jerusalem,Non Residential Structure,,East Jerusalem,Demolition on the pretext of unlawful construction,Owners
200,2017-01-01,Palestine,1.94 billion,"4,816,000",3.1,3.57,11.4,17.9,129.0,0,0,0.0,0,0,0.0,0,0 - 0,Medium PIB,1,0,,The West Bank (Excluding East Jerusalem),Non Residential Structure,Complete Demolition,Herbon,Demolition for alleged military purposes,
201,2017-01-01,Palestine,1.94 billion,"4,816,000",3.1,3.57,11.4,17.9,129.0,0,0,0.0,0,0,0.0,0,0 - 0,Medium PIB,1,10,7,The West Bank (Excluding East Jerusalem),Residential Structure,Complete Demolition,Al-Quds,Demolition of houses as punishment,
202,2017-01-01,Palestine,1.94 billion,"4,816,000",3.1,3.57,11.4,17.9,129.0,0,0,0.0,0,0,0.0,0,0 - 0,Medium PIB,1,5,3,The West Bank (Excluding East Jerusalem),Residential Structure,Complete Demolition,Jenin,Demolition of houses as punishment,
203,2017-01-01,Palestine,1.94 billion,"4,816,000",3.1,3.57,11.4,17.9,129.0,0,0,0.0,0,0,0.0,0,0 - 0,Medium PIB,4,18,7,The West Bank (Excluding East Jerusalem),Residential Structure,Complete Demolition,Ramallah and al-Bira,Demolition of houses as punishment,
204,2017-01-01,Palestine,1.94 billion,"4,816,000",3.1,3.57,11.4,17.9,129.0,0,0,0.0,0,0,0.0,0,0 - 0,Medium PIB,1,0,0,The West Bank (Excluding East Jerusalem),Residential Structure,Partial Demolition,Ramallah and al-Bira,Demolition of houses as punishment,
205,2017-01-01,Palestine,1.94 billion,"4,816,000",3.1,3.57,11.4,17.9,129.0,0,0,0.0,0,0,0.0,0,0 - 0,Medium PIB,1,3,2,East Jerusalem,Residential Structure,Complete Demolition,East Jerusalem,Demolition of houses as punishment,
206,2018-01-01,Palestine,1.97 billion,"4,857,000",0.9,3.53,11.0,17.5,132.0,0,0,0.0,0,0,0.0,0,0 - 0,Medium PIB,23,78,49,The West Bank (Excluding East Jerusalem),Residential Structure,,Al-Quds,Demolition on the pretext of unlawful construction,
207,2018-01-01,Palestine,1.97 billion,"4,857,000",0.9,3.53,11.0,17.5,132.0,0,0,0.0,0,0,0.0,0,0 - 0,Medium PIB,7,36,18,The West Bank (Excluding East Jerusalem),Residential Structure,,Bethlehem,Demolition on the pretext of unlawful construction,
208,2018-01-01,Palestine,1.97 billion,"4,857,000",0.9,3.53,11.0,17.5,132.0,0,0,0.0,0,0,0.0,0,0 - 0,Medium PIB,20,63,29,The West Bank (Excluding East Jerusalem),Residential Structure,,Hebron,Demolition on the pretext of unlawful construction,
209,2018-01-01,Palestine,1.97 billion,"4,857,000",0.9,3.53,11.0,17.5,132.0,0,0,0.0,0,0,0.0,0,0 - 0,Medium PIB,2,4,0,The West Bank (Excluding East Jerusalem),Residential Structure,,Jenin,Demolition on the pretext of unlawful construction,
210,2018-01-01,Palestine,1.97 billion,"4,857,000",0.9,3.53,11.0,17.5,132.0,0,0,0.0,0,0,0.0,0,0 - 0,Medium PIB,12,35,18,The West Bank (Excluding East Jerusalem),Residential Structure,,Jericho,Demolition on the pretext of unlawful construction,
211,2018-01-01,Palestine,1.97 billion,"4,857,000",0.9,3.53,11.0,17.5,132.0,0,0,0.0,0,0,0.0,0,0 - 0,Medium PIB,2,8,3,The West Bank (Excluding East Jerusalem),Residential Structure,,Nablus,Demolition on the pretext of unlawful construction,
212,2018-01-01,Palestine,1.97 billion,"4,857,000",0.9,3.53,11.0,17.5,132.0,0,0,0.0,0,0,0.0,0,0 - 0,Medium PIB,7,0,0,The West Bank (Excluding East Jerusalem),Residential Structure,,Ramallah and al-Bira,Demolition on the pretext of unlawful construction,
213,2018-01-01,Palestine,1.97 billion,"4,857,000",0.9,3.53,11.0,17.5,132.0,0,0,0.0,0,0,0.0,0,0 - 0,Medium PIB,8,18,4,The West Bank (Excluding East Jerusalem),Residential Structure,,Tubas,Demolition on the pretext of unlawful construction,
214,2018-01-01,Palestine,1.97 billion,"4,857,000",0.9,3.53,11.0,17.5,132.0,0,0,0.0,0,0,0.0,0,0 - 0,Medium PIB,47,100,30,East Jerusalem,Residential Structure,,East Jerusalem,Demolition on the pretext of unlawful construction,Authorities
215,2018-01-01,Palestine,1.97 billion,"4,857,000",0.9,3.53,11.0,17.5,132.0,0,0,0.0,0,0,0.0,0,0 - 0,Medium PIB,12,55,33,East Jerusalem,Residential Structure,,East Jerusalem,Demolition on the pretext of unlawful construction,Owners
216,2018-01-01,Palestine,1.97 billion,"4,857,000",0.9,3.53,11.0,17.5,132.0,0,0,0.0,0,0,0.0,0,0 - 0,Medium PIB,64,0,0,East Jerusalem,Non Residential Structure,,East Jerusalem,Demolition on the pretext of unlawful construction,Authorities
217,2018-01-01,Palestine,1.97 billion,"4,857,000",0.9,3.53,11.0,17.5,132.0,0,0,0.0,0,0,0.0,0,0 - 0,Medium PIB,6,0,0,East Jerusalem,Non Residential Structure,,East Jerusalem,Demolition on the pretext of unlawful construction,Owners
218,2018-01-01,Palestine,1.97 billion,"4,857,000",0.9,3.53,11.0,17.5,132.0,0,0,0.0,0,0,0.0,0,0 - 0,Medium PIB,4,16,3,The West Bank (Excluding East Jerusalem),Residential Structure,Complete Demolition,Jenin,Demolition for alleged military purposes,
219,2018-01-01,Palestine,1.97 billion,"4,857,000",0.9,3.53,11.0,17.5,132.0,0,0,0.0,0,0,0.0,0,0 - 0,Medium PIB,3,0,0,The West Bank (Excluding East Jerusalem),Non Residential Structure,Complete Demolition,Jenin,Demolition for alleged military purposes,
220,2018-01-01,Palestine,1.97 billion,"4,857,000",0.9,3.53,11.0,17.5,132.0,0,0,0.0,0,0,0.0,0,0 - 0,Medium PIB,2,12,3,The West Bank (Excluding East Jerusalem),Residential Structure,Complete Demolition,Jenin,Demolition of houses as punishment,
221,2018-01-01,Palestine,1.97 billion,"4,857,000",0.9,3.53,11.0,17.5,132.0,0,0,0.0,0,0,0.0,0,0 - 0,Medium PIB,5,15,6,The West Bank (Excluding East Jerusalem),Residential Structure,Complete Demolition,Ramallah and al-Bira,Demolition of houses as punishment,
222,2018-01-01,Palestine,1.97 billion,"4,857,000",0.9,3.53,11.0,17.5,132.0,0,0,0.0,0,0,0.0,0,0 - 0,Medium PIB,2,3,0,The West Bank (Excluding East Jerusalem),Residential Structure,Complete Demolition,Talkum,Demolition of houses as punishment,
223,2019-01-01,Palestine,1.97 billion,"4,895,000",1.0,3.48,10.6,17.1,135.0,0,0,0.0,0,0,0.0,0,0 - 0,Medium PIB,9,35,16,The West Bank (Excluding East Jerusalem),Residential Structure,,Al-Quds,Demolition on the pretext of unlawful construction,
224,2019-01-01,Palestine,1.97 billion,"4,895,000",1.0,3.48,10.6,17.1,135.0,0,0,0.0,0,0,0.0,0,0 - 0,Medium PIB,12,49,20,The West Bank (Excluding East Jerusalem),Residential Structure,,Bethlehem,Demolition on the pretext of unlawful construction,
225,2019-01-01,Palestine,1.97 billion,"4,895,000",1.0,3.48,10.6,17.1,135.0,0,0,0.0,0,0,0.0,0,0 - 0,Medium PIB,43,157,67,The West Bank (Excluding East Jerusalem),Residential Structure,,Hebron,Demolition on the pretext of unlawful construction,
226,2019-01-01,Palestine,1.97 billion,"4,895,000",1.0,3.48,10.6,17.1,135.0,0,0,0.0,0,0,0.0,0,0 - 0,Medium PIB,2,0,0,The West Bank (Excluding East Jerusalem),Residential Structure,,Jenin,Demolition on the pretext of unlawful construction,
227,2019-01-01,Palestine,1.97 billion,"4,895,000",1.0,3.48,10.6,17.1,135.0,0,0,0.0,0,0,0.0,0,0 - 0,Medium PIB,11,33,22,The West Bank (Excluding East Jerusalem),Residential Structure,,Jericho,Demolition on the pretext of unlawful construction,
228,2019-01-01,Palestine,1.97 billion,"4,895,000",1.0,3.48,10.6,17.1,135.0,0,0,0.0,0,0,0.0,0,0 - 0,Medium PIB,8,19,5,The West Bank (Excluding East Jerusalem),Residential Structure,,Nablus,Demolition on the pretext of unlawful construction,
229,2019-01-01,Palestine,1.97 billion,"4,895,000",1.0,3.48,10.6,17.1,135.0,0,0,0.0,0,0,0.0,0,0 - 0,Medium PIB,1,0,0,The West Bank (Excluding East Jerusalem),Residential Structure,,Qalqiliya,Demolition on the pretext of unlawful construction,
230,2019-01-01,Palestine,1.97 billion,"4,895,000",1.0,3.48,10.6,17.1,135.0,0,0,0.0,0,0,0.0,0,0 - 0,Medium PIB,4,26,19,The West Bank (Excluding East Jerusalem),Residential Structure,,Ramallah and al-Bira,Demolition on the pretext of unlawful construction,
231,2019-01-01,Palestine,1.97 billion,"4,895,000",1.0,3.48,10.6,17.1,135.0,0,0,0.0,0,0,0.0,0,0 - 0,Medium PIB,12,30,11,The West Bank (Excluding East Jerusalem),Residential Structure,,Tubas,Demolition on the pretext of unlawful construction,
232,2019-01-01,Palestine,1.97 billion,"4,895,000",1.0,3.48,10.6,17.1,135.0,0,0,0.0,0,0,0.0,0,0 - 0,Medium PIB,127,189,96,East Jerusalem,Residential Structure,,East Jerusalem,Demolition on the pretext of unlawful construction,Authorities
233,2019-01-01,Palestine,1.97 billion,"4,895,000",1.0,3.48,10.6,17.1,135.0,0,0,0.0,0,0,0.0,0,0 - 0,Medium PIB,42,139,86,East Jerusalem,Residential Structure,,East Jerusalem,Demolition on the pretext of unlawful construction,Owners
234,2019-01-01,Palestine,1.97 billion,"4,895,000",1.0,3.48,10.6,17.1,135.0,0,0,0.0,0,0,0.0,0,0 - 0,Medium PIB,79,0,0,East Jerusalem,Non Residential Structure,,East Jerusalem,Demolition on the pretext of unlawful construction,Authorities
235,2019-01-01,Palestine,1.97 billion,"4,895,000",1.0,3.48,10.6,17.1,135.0,0,0,0.0,0,0,0.0,0,0 - 0,Medium PIB,16,0,0,East Jerusalem,Non Residential Structure,,East Jerusalem,Demolition on the pretext of unlawful construction,Owners
236,2019-01-01,Palestine,1.97 billion,"4,895,000",1.0,3.48,10.6,17.1,135.0,0,0,0.0,0,0,0.0,0,0 - 0,Medium PIB,1,0,0,The West Bank (Excluding East Jerusalem),Residential Structure,Partial Demolition,Ramallah and al-Bira,Demolition for alleged military purposes,
237,2019-01-01,Palestine,1.97 billion,"4,895,000",1.0,3.48,10.6,17.1,135.0,0,0,0.0,0,0,0.0,0,0 - 0,Medium PIB,7,27,10,The West Bank (Excluding East Jerusalem),Residential Structure,Complete Demolition,Herbron,Demolition of houses as punishment,
238,2019-01-01,Palestine,1.97 billion,"4,895,000",1.0,3.48,10.6,17.1,135.0,0,0,0.0,0,0,0.0,0,0 - 0,Medium PIB,6,3,1,The West Bank (Excluding East Jerusalem),Residential Structure,Complete Demolition,Ramallah and al-Bira,Demolition of houses as punishment,
239,2019-01-01,Palestine,1.97 billion,"4,895,000",1.0,3.48,10.6,17.1,135.0,0,0,0.0,0,0,0.0,0,0 - 0,Medium PIB,1,6,4,The West Bank (Excluding East Jerusalem),Residential Structure,Complete Demolition,Salfit,Demolition of houses as punishment,
240,2020-01-01,Palestine,2.0 billion,"4,934,000",-7.7,3.46,10.3,16.7,137.0,0,0,98.5,1.03 billion,0,0.0,0,0 - 0,Low PIB,27,71,32,The West Bank (Excluding East Jerusalem),Residential Structure,,Al-Quds,Demolition on the pretext of unlawful construction,
241,2020-01-01,Palestine,2.0 billion,"4,934,000",-7.7,3.46,10.3,16.7,137.0,0,0,98.5,1.03 billion,0,0.0,0,0 - 0,Low PIB,17,104,54,The West Bank (Excluding East Jerusalem),Residential Structure,,Bethlehem,Demolition on the pretext of unlawful construction,
242,2020-01-01,Palestine,2.0 billion,"4,934,000",-7.7,3.46,10.3,16.7,137.0,0,0,98.5,1.03 billion,0,0.0,0,0 - 0,Low PIB,35,182,94,The West Bank (Excluding East Jerusalem),Residential Structure,,Hebron,Demolition on the pretext of unlawful construction,
243,2020-01-01,Palestine,2.0 billion,"4,934,000",-7.7,3.46,10.3,16.7,137.0,0,0,98.5,1.03 billion,0,0.0,0,0 - 0,Low PIB,4,0,0,The West Bank (Excluding East Jerusalem),Residential Structure,,Jenin,Demolition on the pretext of unlawful construction,
244,2020-01-01,Palestine,2.0 billion,"4,934,000",-7.7,3.46,10.3,16.7,137.0,0,0,98.5,1.03 billion,0,0.0,0,0 - 0,Low PIB,36,117,62,The West Bank (Excluding East Jerusalem),Residential Structure,,Jericho,Demolition on the pretext of unlawful construction,
245,2020-01-01,Palestine,2.0 billion,"4,934,000",-7.7,3.46,10.3,16.7,137.0,0,0,98.5,1.03 billion,0,0.0,0,0 - 0,Low PIB,2,6,4,The West Bank (Excluding East Jerusalem),Residential Structure,,Nablus,Demolition on the pretext of unlawful construction,
246,2020-01-01,Palestine,2.0 billion,"4,934,000",-7.7,3.46,10.3,16.7,137.0,0,0,98.5,1.03 billion,0,0.0,0,0 - 0,Low PIB,9,33,13,The West Bank (Excluding East Jerusalem),Residential Structure,,Ramallah and al-Bira,Demolition on the pretext of unlawful construction,
247,2020-01-01,Palestine,2.0 billion,"4,934,000",-7.7,3.46,10.3,16.7,137.0,0,0,98.5,1.03 billion,0,0.0,0,0 - 0,Low PIB,1,0,0,The West Bank (Excluding East Jerusalem),Residential Structure,,Salfit,Demolition on the pretext of unlawful construction,
248,2020-01-01,Palestine,2.0 billion,"4,934,000",-7.7,3.46,10.3,16.7,137.0,0,0,98.5,1.03 billion,0,0.0,0,0 - 0,Low PIB,20,97,52,The West Bank (Excluding East Jerusalem),Residential Structure,,Tubas,Demolition on the pretext of unlawful construction,
249,2020-01-01,Palestine,2.0 billion,"4,934,000",-7.7,3.46,10.3,16.7,137.0,0,0,98.5,1.03 billion,0,0.0,0,0 - 0,Low PIB,40,89,47,East Jerusalem,Residential Structure,,East Jerusalem,Demolition on the pretext of unlawful construction,Authorities
250,2020-01-01,Palestine,2.0 billion,"4,934,000",-7.7,3.46,10.3,16.7,137.0,0,0,98.5,1.03 billion,0,0.0,0,0 - 0,Low PIB,81,290,147,East Jerusalem,Residential Structure,,East Jerusalem,Demolition on the pretext of unlawful construction,Owners
251,2020-01-01,Palestine,2.0 billion,"4,934,000",-7.7,3.46,10.3,16.7,137.0,0,0,98.5,1.03 billion,0,0.0,0,0 - 0,Low PIB,27,0,0,East Jerusalem,Non Residential Structure,,East Jerusalem,Demolition on the pretext of unlawful construction,Authorities
252,2020-01-01,Palestine,2.0 billion,"4,934,000",-7.7,3.46,10.3,16.7,137.0,0,0,98.5,1.03 billion,0,0.0,0,0 - 0,Low PIB,17,0,0,East Jerusalem,Non Residential Structure,,East Jerusalem,Demolition on the pretext of unlawful construction,Owners
253,2020-01-01,Palestine,2.0 billion,"4,934,000",-7.7,3.46,10.3,16.7,137.0,0,0,98.5,1.03 billion,0,0.0,0,0 - 0,Low PIB,1,7,2,The West Bank (Excluding East Jerusalem),Residential Structure,Complete Demolition,Jenin,Demolition of houses as punishment,
254,2020-01-01,Palestine,2.0 billion,"4,934,000",-7.7,3.46,10.3,16.7,137.0,0,0,98.5,1.03 billion,0,0.0,0,0 - 0,Low PIB,2,7,4,The West Bank (Excluding East Jerusalem),Residential Structure,Complete Demolition,Nablus,Demolition of houses as punishment,
255,2020-01-01,Palestine,2.0 billion,"4,934,000",-7.7,3.46,10.3,16.7,137.0,0,0,98.5,1.03 billion,0,0.0,0,0 - 0,Low PIB,3,8,1,The West Bank (Excluding East Jerusalem),Residential Structure,Complete Demolition,Ramallah and al-Bira,Demolition of houses as punishment,
256,2020-01-01,Palestine,2.0 billion,"4,934,000",-7.7,3.46,10.3,16.7,137.0,0,0,98.5,1.03 billion,0,0.0,0,0 - 0,Low PIB,1,0,0,The West Bank (Excluding East Jerusalem),Residential Structure,Partial Demolition,Jenin,Demolition of houses as punishment,
257,2021-01-01,Palestine,4.86 billion,"5,368,000",-11.4,3.24,12.6,15.2,352.0,0,0,98.6,1.10 billion,0,0.0,0,0 - 0,Low PIB,8,31,14,The West Bank (Excluding East Jerusalem),Residential Structure,,Al-Quds,Demolition on the pretext of unlawful construction,
258,2021-01-01,Palestine,4.86 billion,"5,368,000",-11.4,3.24,12.6,15.2,352.0,0,0,98.6,1.10 billion,0,0.0,0,0 - 0,Low PIB,3,5,1,The West Bank (Excluding East Jerusalem),Residential Structure,,Bethlehem,Demolition on the pretext of unlawful construction,
259,2021-01-01,Palestine,4.86 billion,"5,368,000",-11.4,3.24,12.6,15.2,352.0,0,0,98.6,1.10 billion,0,0.0,0,0 - 0,Low PIB,7,18,12,The West Bank (Excluding East Jerusalem),Residential Structure,,Hebron,Demolition on the pretext of unlawful construction,
260,2021-01-01,Palestine,4.86 billion,"5,368,000",-11.4,3.24,12.6,15.2,352.0,0,0,98.6,1.10 billion,0,0.0,0,0 - 0,Low PIB,1,0,0,The West Bank (Excluding East Jerusalem),Residential Structure,,Jenin,Demolition on the pretext of unlawful construction,
261,2021-01-01,Palestine,4.86 billion,"5,368,000",-11.4,3.24,12.6,15.2,352.0,0,0,98.6,1.10 billion,0,0.0,0,0 - 0,Low PIB,16,78,33,The West Bank (Excluding East Jerusalem),Residential Structure,,Jericho,Demolition on the pretext of unlawful construction,
262,2021-01-01,Palestine,4.86 billion,"5,368,000",-11.4,3.24,12.6,15.2,352.0,0,0,98.6,1.10 billion,0,0.0,0,0 - 0,Low PIB,6,20,12,The West Bank (Excluding East Jerusalem),Residential Structure,,Nablus,Demolition on the pretext of unlawful construction,
263,2021-01-01,Palestine,4.86 billion,"5,368,000",-11.4,3.24,12.6,15.2,352.0,0,0,98.6,1.10 billion,0,0.0,0,0 - 0,Low PIB,1,0,0,The West Bank (Excluding East Jerusalem),Residential Structure,,Qalqiliya,Demolition on the pretext of unlawful construction,
264,2021-01-01,Palestine,4.86 billion,"5,368,000",-11.4,3.24,12.6,15.2,352.0,0,0,98.6,1.10 billion,0,0.0,0,0 - 0,Low PIB,41,80,45,The West Bank (Excluding East Jerusalem),Residential Structure,,Tubas,Demolition on the pretext of unlawful construction,
265,2021-01-01,Palestine,4.86 billion,"5,368,000",-11.4,3.24,12.6,15.2,352.0,0,0,98.6,1.10 billion,0,0.0,0,0 - 0,Low PIB,14,29,14,East Jerusalem,Residential Structure,,East Jerusalem,Demolition on the pretext of unlawful construction,Authorities
266,2021-01-01,Palestine,4.86 billion,"5,368,000",-11.4,3.24,12.6,15.2,352.0,0,0,98.6,1.10 billion,0,0.0,0,0 - 0,Low PIB,8,27,15,East Jerusalem,Residential Structure,,East Jerusalem,Demolition on the pretext of unlawful construction,Owners
267,2021-01-01,Palestine,4.86 billion,"5,368,000",-11.4,3.24,12.6,15.2,352.0,0,0,98.6,1.10 billion,0,0.0,0,0 - 0,Low PIB,18,0,0,East Jerusalem,Non Residential Structure,,East Jerusalem,Demolition on the pretext of unlawful construction,Authorities
268,2021-01-01,Palestine,4.86 billion,"5,368,000",-11.4,3.24,12.6,15.2,352.0,0,0,98.6,1.10 billion,0,0.0,0,0 - 0,Low PIB,5,0,0,East Jerusalem,Non Residential Structure,,East Jerusalem,Demolition on the pretext of unlawful construction,Owners
269,2021-01-01,Palestine,4.86 billion,"5,368,000",-11.4,3.24,12.6,15.2,352.0,0,0,98.6,1.10 billion,0,0.0,0,0 - 0,Low PIB,2,6,4,The West Bank (Excluding East Jerusalem),Residential Structure,Complete Demolition,Jenin,Demolition of houses as punishment,
